destination_id,name,country,region,tags,interests,budget_tier,avg_daily_cost,best_seasons,family_friendly,popularity,activities
D001,Bali,Indonesia,Asia,island;beach;nature,relaxation;adventure;nightlife;food;photography,medium,110.0,spring;summer;autumn,True,0.9,spa & wellness session;beach lounging;hiking & trekking;zip-lining;rooftop bars & clubs;live music venue;fine dining experience
D002,Kyoto,Japan,Asia,cultural;city;rural,culture;history;food;photography;nature,high,180.0,spring;autumn,True,0.75,cultural performance;museum visit;archaeological site visit;ancient ruins tour;local market visit;street food tour;photo walk
D003,Interlaken,Switzerland,Europe,mountain;adventure;nature,adventure;nature;photography;relaxation,high,220.0,summer;winter,True,0.7,paragliding;zip-lining;waterfall hike;national park excursion;viewpoint hike;sunset photography session;spa & wellness session
D004,Paris,France,Europe,city;cultural,culture;history;food;shopping;nightlife;photography,high,200.0,spring;summer;autumn,True,0.95,old town walking tour;local cooking class;archaeological site visit;ancient ruins tour;fine dining experience;cooking class;mall & boutique tour
D005,Rome,Italy,Europe,city;cultural,history;culture;food;photography,medium,160.0,spring;autumn,True,0.85,ancient ruins tour;castle / palace visit;temple / mosque visit;local cooking class;street food tour;fine dining experience;viewpoint hike
D006,Barcelona,Spain,Europe,city;beach;cultural,culture;food;nightlife;photography;relaxation,medium,150.0,spring;summer;autumn,True,0.9,temple / mosque visit;old town walking tour;wine / tea tasting;street food tour;beach party;rooftop bars & clubs;sunset photography session
D007,Reykjavik,Iceland,Europe,nature;adventure,nature;adventure;photography;relaxation,high,230.0,summer;winter,True,0.65,hot springs visit;scenic boat trip;paragliding;zip-lining;viewpoint hike;sunset photography session;yoga class
D008,Queenstown,New Zealand,Oceania,mountain;adventure;nature,adventure;nature;photography,high,190.0,summer;winter,True,0.6,scuba diving;surfing lessons;waterfall hike;hot springs visit;viewpoint hike;sunset photography session
D009,Marrakech,Morocco,Africa,desert;cultural;city,culture;history;food;shopping;adventure,low,80.0,spring;autumn;winter,True,0.6,local cooking class;museum visit;castle / palace visit;guided heritage walk;street food tour;fine dining experience;mall & boutique tour
D010,Bangkok,Thailand,Asia,city;cultural,food;nightlife;culture;shopping;history,low,70.0,winter;spring,True,0.85,fine dining experience;cooking class;live music venue;rooftop bars & clubs;cultural performance;museum visit;mall & boutique tour
D011,Phuket,Thailand,Asia,beach;island,relaxation;nightlife;adventure;food,medium,100.0,winter;spring,True,0.8,sunset cruise;yoga class;night market;live music venue;surfing lessons;paragliding;cooking class
D012,Santorini,Greece,Europe,island;coastal,relaxation;photography;food,high,210.0,spring;summer;autumn,True,0.75,spa & wellness session;beach lounging;photo walk;viewpoint hike;local market visit;fine dining experience
D013,Cape Town,South Africa,Africa,city;nature;adventure,nature;adventure;wildlife;food;photography,medium,120.0,summer;autumn,True,0.7,scenic boat trip;waterfall hike;skiing / snowboarding;zip-lining;bird watching tour;wildlife sanctuary visit;cooking class
D014,Serengeti,Tanzania,Africa,wildlife;nature;rural,wildlife;nature;photography;adventure,high,280.0,summer;autumn,False,0.55,wildlife sanctuary visit;bird watching tour;national park excursion;hot springs visit;sunset photography session;photo walk;zip-lining
D015,Cusco & Machu Picchu,Peru,South America,mountain;cultural;adventure,history;culture;adventure;nature;photography,medium,110.0,summer;autumn,True,0.65,guided heritage walk;ancient ruins tour;temple / mosque visit;local cooking class;hiking & trekking;scuba diving;national park excursion
D016,Dubai,UAE,Asia,city;luxury;desert,shopping;nightlife;relaxation;food;adventure,high,240.0,winter;spring,True,0.8,local bazaar shopping;mall & boutique tour;night market;live music venue;beach lounging;resort pool day;local market visit
D017,Tokyo,Japan,Asia,city;cultural,food;culture;shopping;nightlife;photography,high,190.0,spring;autumn;winter,True,0.9,wine / tea tasting;cooking class;museum visit;old town walking tour;mall & boutique tour;local bazaar shopping;live music venue
D018,New York City,USA,North America,city;cultural,culture;food;shopping;nightlife;photography;history,high,230.0,spring;summer;autumn;winter,True,0.95,cultural performance;local cooking class;street food tour;fine dining experience;mall & boutique tour;local bazaar shopping;live music venue
D019,La Fortuna,Costa Rica,North America,nature;adventure;rural,nature;adventure;wildlife;relaxation;photography,medium,130.0,winter;spring,True,0.6,hot springs visit;national park excursion;rock climbing;scuba diving;marine life snorkel tour;safari drive;beach lounging
D020,Amalfi Coast,Italy,Europe,coastal;nature,relaxation;food;photography;adventure,high,220.0,summer,True,0.7,beach lounging;sunset cruise;street food tour;local market visit;viewpoint hike;photo walk;rock climbing
D021,Banff,Canada,North America,mountain;nature;adventure,nature;adventure;photography;wildlife;relaxation,medium,150.0,summer;winter,True,0.7,hot springs visit;botanical garden walk;zip-lining;surfing lessons;viewpoint hike;sunset photography session;safari drive
D022,Prague,Czech Republic,Europe,city;cultural,history;culture;nightlife;food;photography,medium,110.0,spring;summer;autumn,True,0.75,castle / palace visit;guided heritage walk;museum visit;local cooking class;beach party;rooftop bars & clubs;street food tour
D023,Goa,India,Asia,beach;coastal,relaxation;nightlife;food;adventure,low,60.0,winter,True,0.7,beach lounging;yoga class;live music venue;rooftop bars & clubs;local market visit;street food tour;rock climbing
D024,Istanbul,Turkey,Europe,city;cultural,history;culture;food;shopping;photography,medium,100.0,spring;autumn,True,0.8,castle / palace visit;guided heritage walk;museum visit;cultural performance;cooking class;local market visit;artisan craft workshops
D025,Maldives,Maldives,Asia,island;beach;luxury,relaxation;adventure;photography,high,350.0,winter;spring,False,0.75,yoga class;sunset cruise;paragliding;rock climbing;photo walk;sunset photography session
D026,Hanoi,Vietnam,Asia,city;cultural;rural,food;culture;nightlife;adventure;shopping,low,55.0,winter;spring,True,0.65,street food tour;wine / tea tasting;local cooking class;museum visit;live music venue;beach party;hiking & trekking
